-- Полный SQL-скрипт для развёртывания MathieuShop в PostgreSQL.
-- Скрипт создаёт структуру базы данных и заполняет её демонстрационными данными.
-- Подходит для запуска в pgAdmin Query Tool на пустой или уже существующей базе mathieu_shop.

CREATE TABLE IF NOT EXISTS "__EFMigrationsHistory" (
    "MigrationId" character varying(150) NOT NULL,
    "ProductVersion" character varying(32) NOT NULL,
    CONSTRAINT "PK___EFMigrationsHistory" PRIMARY KEY ("MigrationId")
);

START TRANSACTION;

DO $EF$
BEGIN
    IF NOT EXISTS(SELECT 1 FROM "__EFMigrationsHistory" WHERE "MigrationId" = '20260418153720_InitialCreate') THEN
    CREATE TABLE "CollectionThemes" (
        "Id" integer GENERATED BY DEFAULT AS IDENTITY,
        "Name" character varying(100) NOT NULL,
        "Description" text NOT NULL,
        "IsHoliday" boolean NOT NULL,
        "ImagePath" text NOT NULL,
        CONSTRAINT "PK_CollectionThemes" PRIMARY KEY ("Id")
    );
    END IF;
END $EF$;

DO $EF$
BEGIN
    IF NOT EXISTS(SELECT 1 FROM "__EFMigrationsHistory" WHERE "MigrationId" = '20260418153720_InitialCreate') THEN
    CREATE TABLE "Users" (
        "Id" integer GENERATED BY DEFAULT AS IDENTITY,
        "FullName" text NOT NULL,
        "Login" text NOT NULL,
        "Email" text NOT NULL,
        "Phone" text NOT NULL,
        "PasswordHash" text NOT NULL,
        "Role" integer NOT NULL,
        "Balance" numeric(10,2) NOT NULL,
        "IsBlocked" boolean NOT NULL,
        "CreatedAt" timestamp with time zone NOT NULL,
        "UpdatedAt" timestamp with time zone NOT NULL,
        CONSTRAINT "PK_Users" PRIMARY KEY ("Id")
    );
    END IF;
END $EF$;

DO $EF$
BEGIN
    IF NOT EXISTS(SELECT 1 FROM "__EFMigrationsHistory" WHERE "MigrationId" = '20260418153720_InitialCreate') THEN
    CREATE TABLE "ServiceItems" (
        "Id" integer GENERATED BY DEFAULT AS IDENTITY,
        "CollectionThemeId" integer NOT NULL,
        "Name" character varying(140) NOT NULL,
        "Description" text NOT NULL,
        "Price" numeric(10,2) NOT NULL,
        "DurationMinutes" integer NOT NULL,
        "ImagePath" text NOT NULL,
        "IsHoliday" boolean NOT NULL,
        "CreatedAt" timestamp with time zone NOT NULL,
        "LastModifiedAt" timestamp with time zone NOT NULL,
        CONSTRAINT "PK_ServiceItems" PRIMARY KEY ("Id"),
        CONSTRAINT "FK_ServiceItems_CollectionThemes_CollectionThemeId" FOREIGN KEY ("CollectionThemeId") REFERENCES "CollectionThemes" ("Id") ON DELETE RESTRICT
    );
    END IF;
END $EF$;

DO $EF$
BEGIN
    IF NOT EXISTS(SELECT 1 FROM "__EFMigrationsHistory" WHERE "MigrationId" = '20260418153720_InitialCreate') THEN
    CREATE TABLE "Employees" (
        "Id" integer GENERATED BY DEFAULT AS IDENTITY,
        "UserId" integer NOT NULL,
        "Specialty" character varying(100) NOT NULL,
        "QualificationLevel" integer NOT NULL,
        "About" character varying(600) NOT NULL,
        "HireDate" timestamp with time zone NOT NULL,
        CONSTRAINT "PK_Employees" PRIMARY KEY ("Id"),
        CONSTRAINT "FK_Employees_Users_UserId" FOREIGN KEY ("UserId") REFERENCES "Users" ("Id") ON DELETE CASCADE
    );
    END IF;
END $EF$;

DO $EF$
BEGIN
    IF NOT EXISTS(SELECT 1 FROM "__EFMigrationsHistory" WHERE "MigrationId" = '20260418153720_InitialCreate') THEN
    CREATE TABLE "TopUpTransactions" (
        "Id" integer GENERATED BY DEFAULT AS IDENTITY,
        "UserId" integer NOT NULL,
        "Amount" numeric(10,2) NOT NULL,
        "CardMask" text NOT NULL,
        "CreatedAt" timestamp with time zone NOT NULL,
        CONSTRAINT "PK_TopUpTransactions" PRIMARY KEY ("Id"),
        CONSTRAINT "FK_TopUpTransactions_Users_UserId" FOREIGN KEY ("UserId") REFERENCES "Users" ("Id") ON DELETE CASCADE
    );
    END IF;
END $EF$;

DO $EF$
BEGIN
    IF NOT EXISTS(SELECT 1 FROM "__EFMigrationsHistory" WHERE "MigrationId" = '20260418153720_InitialCreate') THEN
    CREATE TABLE "Bookings" (
        "Id" integer GENERATED BY DEFAULT AS IDENTITY,
        "CustomerId" integer NOT NULL,
        "EmployeeId" integer NOT NULL,
        "ServiceItemId" integer NOT NULL,
        "ScheduledAt" timestamp with time zone NOT NULL,
        "QueueNumber" integer NOT NULL,
        "Status" integer NOT NULL,
        "Notes" text NOT NULL,
        "CreatedAt" timestamp with time zone NOT NULL,
        CONSTRAINT "PK_Bookings" PRIMARY KEY ("Id"),
        CONSTRAINT "FK_Bookings_Employees_EmployeeId" FOREIGN KEY ("EmployeeId") REFERENCES "Employees" ("Id") ON DELETE RESTRICT,
        CONSTRAINT "FK_Bookings_ServiceItems_ServiceItemId" FOREIGN KEY ("ServiceItemId") REFERENCES "ServiceItems" ("Id") ON DELETE RESTRICT,
        CONSTRAINT "FK_Bookings_Users_CustomerId" FOREIGN KEY ("CustomerId") REFERENCES "Users" ("Id") ON DELETE RESTRICT
    );
    END IF;
END $EF$;

DO $EF$
BEGIN
    IF NOT EXISTS(SELECT 1 FROM "__EFMigrationsHistory" WHERE "MigrationId" = '20260418153720_InitialCreate') THEN
    CREATE TABLE "QualificationRequests" (
        "Id" integer GENERATED BY DEFAULT AS IDENTITY,
        "EmployeeId" integer NOT NULL,
        "DesiredLevel" integer NOT NULL,
        "Comment" text NOT NULL,
        "Status" integer NOT NULL,
        "CreatedAt" timestamp with time zone NOT NULL,
        CONSTRAINT "PK_QualificationRequests" PRIMARY KEY ("Id"),
        CONSTRAINT "FK_QualificationRequests_Employees_EmployeeId" FOREIGN KEY ("EmployeeId") REFERENCES "Employees" ("Id") ON DELETE CASCADE
    );
    END IF;
END $EF$;

DO $EF$
BEGIN
    IF NOT EXISTS(SELECT 1 FROM "__EFMigrationsHistory" WHERE "MigrationId" = '20260418153720_InitialCreate') THEN
    CREATE TABLE "ServiceAssignments" (
        "EmployeeId" integer NOT NULL,
        "ServiceItemId" integer NOT NULL,
        "AttachedAt" timestamp with time zone NOT NULL,
        CONSTRAINT "PK_ServiceAssignments" PRIMARY KEY ("EmployeeId", "ServiceItemId"),
        CONSTRAINT "FK_ServiceAssignments_Employees_EmployeeId" FOREIGN KEY ("EmployeeId") REFERENCES "Employees" ("Id") ON DELETE CASCADE,
        CONSTRAINT "FK_ServiceAssignments_ServiceItems_ServiceItemId" FOREIGN KEY ("ServiceItemId") REFERENCES "ServiceItems" ("Id") ON DELETE CASCADE
    );
    END IF;
END $EF$;

DO $EF$
BEGIN
    IF NOT EXISTS(SELECT 1 FROM "__EFMigrationsHistory" WHERE "MigrationId" = '20260418153720_InitialCreate') THEN
    CREATE TABLE "Reviews" (
        "Id" integer GENERATED BY DEFAULT AS IDENTITY,
        "CustomerId" integer NOT NULL,
        "BookingId" integer,
        "EmployeeId" integer,
        "ServiceItemId" integer,
        "Rating" integer NOT NULL,
        "Comment" text NOT NULL,
        "CreatedAt" timestamp with time zone NOT NULL,
        CONSTRAINT "PK_Reviews" PRIMARY KEY ("Id"),
        CONSTRAINT "FK_Reviews_Bookings_BookingId" FOREIGN KEY ("BookingId") REFERENCES "Bookings" ("Id") ON DELETE SET NULL,
        CONSTRAINT "FK_Reviews_Employees_EmployeeId" FOREIGN KEY ("EmployeeId") REFERENCES "Employees" ("Id") ON DELETE SET NULL,
        CONSTRAINT "FK_Reviews_ServiceItems_ServiceItemId" FOREIGN KEY ("ServiceItemId") REFERENCES "ServiceItems" ("Id") ON DELETE SET NULL,
        CONSTRAINT "FK_Reviews_Users_CustomerId" FOREIGN KEY ("CustomerId") REFERENCES "Users" ("Id") ON DELETE RESTRICT
    );
    END IF;
END $EF$;

DO $EF$
BEGIN
    IF NOT EXISTS(SELECT 1 FROM "__EFMigrationsHistory" WHERE "MigrationId" = '20260418153720_InitialCreate') THEN
    CREATE INDEX "IX_Bookings_CustomerId" ON "Bookings" ("CustomerId");
    CREATE INDEX "IX_Bookings_EmployeeId" ON "Bookings" ("EmployeeId");
    CREATE INDEX "IX_Bookings_ServiceItemId" ON "Bookings" ("ServiceItemId");
    CREATE UNIQUE INDEX "IX_CollectionThemes_Name" ON "CollectionThemes" ("Name");
    CREATE UNIQUE INDEX "IX_Employees_UserId" ON "Employees" ("UserId");
    CREATE INDEX "IX_QualificationRequests_EmployeeId" ON "QualificationRequests" ("EmployeeId");
    CREATE INDEX "IX_Reviews_BookingId" ON "Reviews" ("BookingId");
    CREATE INDEX "IX_Reviews_CustomerId" ON "Reviews" ("CustomerId");
    CREATE INDEX "IX_Reviews_EmployeeId" ON "Reviews" ("EmployeeId");
    CREATE INDEX "IX_Reviews_ServiceItemId" ON "Reviews" ("ServiceItemId");
    CREATE INDEX "IX_ServiceAssignments_ServiceItemId" ON "ServiceAssignments" ("ServiceItemId");
    CREATE INDEX "IX_ServiceItems_CollectionThemeId" ON "ServiceItems" ("CollectionThemeId");
    CREATE INDEX "IX_TopUpTransactions_UserId" ON "TopUpTransactions" ("UserId");
    CREATE UNIQUE INDEX "IX_Users_Email" ON "Users" ("Email");
    CREATE UNIQUE INDEX "IX_Users_Login" ON "Users" ("Login");
    INSERT INTO "__EFMigrationsHistory" ("MigrationId", "ProductVersion")
    VALUES ('20260418153720_InitialCreate', '8.0.4');
    END IF;
END $EF$;

COMMIT;

BEGIN;

TRUNCATE TABLE
    "Reviews",
    "QualificationRequests",
    "Bookings",
    "ServiceAssignments",
    "TopUpTransactions",
    "Employees",
    "ServiceItems",
    "Users",
    "CollectionThemes"
RESTART IDENTITY CASCADE;

INSERT INTO "CollectionThemes" ("Id", "Name", "Description", "IsHoliday", "ImagePath") VALUES
    (1, 'Аниме', 'Образы и коллекции по популярным тайтлам.', FALSE, '/Assets/Images/Кастом/Pr1.jpg'),
    (2, 'Новый год', 'Праздничные услуги и подарочные наборы.', TRUE, '/Assets/Images/Кастом/Pr10.jpg'),
    (3, 'Хэллоуин', 'Мрачные тематические работы и аксессуары.', TRUE, '/Assets/Images/Косплей/KL4.jpg'),
    (4, 'Киберпанк', 'Неоновые образы и цифровые детали.', FALSE, '/Assets/Images/Косплей/KL6.jpg'),
    (5, 'Нуар', 'Тёмная палитра, ретро и кинематографичность.', FALSE, '/Assets/Images/Кастом/Pr4.jpg');

INSERT INTO "Users" ("Id", "FullName", "Login", "Email", "Phone", "PasswordHash", "Role", "Balance", "IsBlocked", "CreatedAt", "UpdatedAt") VALUES
    (1, 'София Дымова', 'admin', 'admin@mathieu.local', '+7 900 111-11-11', 'D3AD9315B7BE5DD53B31A273B3B3ABA5DEFE700808305AA16A3062B76658A791', 2, 0.00, FALSE, '2026-04-18 14:00:00+03', '2026-04-18 14:00:00+03'),
    (2, 'Марк Роуэн', 'moderator', 'moderator@mathieu.local', '+7 900 111-22-22', 'D3AD9315B7BE5DD53B31A273B3B3ABA5DEFE700808305AA16A3062B76658A791', 1, 0.00, FALSE, '2026-04-18 14:00:00+03', '2026-04-18 14:00:00+03'),
    (3, 'Арина Вега', 'master1', 'master1@mathieu.local', '+7 900 111-33-33', 'D3AD9315B7BE5DD53B31A273B3B3ABA5DEFE700808305AA16A3062B76658A791', 3, 0.00, FALSE, '2026-04-18 14:00:00+03', '2026-04-18 14:00:00+03'),
    (4, 'Лев Ларсен', 'master2', 'master2@mathieu.local', '+7 900 111-44-44', 'D3AD9315B7BE5DD53B31A273B3B3ABA5DEFE700808305AA16A3062B76658A791', 3, 0.00, FALSE, '2026-04-18 14:00:00+03', '2026-04-18 14:00:00+03'),
    (5, 'Ева Найт', 'client', 'client@mathieu.local', '+7 900 111-55-55', 'D3AD9315B7BE5DD53B31A273B3B3ABA5DEFE700808305AA16A3062B76658A791', 0, 6000.00, FALSE, '2026-04-18 14:00:00+03', '2026-04-18 14:00:00+03'),
    (6, 'Дан Миронов', 'client2', 'client2@mathieu.local', '+7 900 111-66-66', 'D3AD9315B7BE5DD53B31A273B3B3ABA5DEFE700808305AA16A3062B76658A791', 0, 2500.00, FALSE, '2026-04-18 14:00:00+03', '2026-04-18 14:00:00+03');

INSERT INTO "Employees" ("Id", "UserId", "Specialty", "QualificationLevel", "About", "HireDate") VALUES
    (1, 2, 'Куратор коллекций', 4, 'Ведёт коллекции и следит за связями услуг с мастерами.', '2024-12-18 14:00:00+03'),
    (2, 3, 'Кастом и окрашивание', 3, 'Специализируется на праздничных и нуарных образах.', '2025-06-18 14:00:00+03'),
    (3, 4, 'Косплей и декор', 5, 'Работает с деталями костюмов и сложным гримом.', '2024-06-18 14:00:00+03');

INSERT INTO "ServiceItems" ("Id", "CollectionThemeId", "Name", "Description", "Price", "DurationMinutes", "ImagePath", "IsHoliday", "CreatedAt", "LastModifiedAt") VALUES
    (1, 1, 'Кастомизация базового образа', 'Подбор палитры, аксессуаров и мелкого декора под образ клиента.', 3200.00, 90, '/Assets/Images/Кастом/Pr2.jpg', FALSE, '2026-04-04 14:00:00+03', '2026-04-16 14:00:00+03'),
    (2, 2, 'Сборка новогоднего комплекта', 'Композиция из аксессуаров, цвета и акцентных элементов под зимнюю коллекцию.', 4100.00, 120, '/Assets/Images/Кастом/Pr10.jpg', TRUE, '2026-03-29 14:00:00+03', '2026-04-14 14:00:00+03'),
    (3, 3, 'Хэллоуин-грим премиум', 'Подготовка полноценного мрачного образа с гримом и текстурными материалами.', 5600.00, 150, '/Assets/Images/Косплей/KL4.jpg', TRUE, '2026-03-19 14:00:00+03', '2026-04-18 06:00:00+03'),
    (4, 4, 'Киберпанк-детализация', 'Неоновая детализация костюма, подбор подсветки и механических аксессуаров.', 6200.00, 180, '/Assets/Images/Косплей/KL6.jpg', FALSE, '2026-03-09 14:00:00+03', '2026-04-17 14:00:00+03'),
    (5, 5, 'Нуарный макияж и стилизация', 'Контрастный грим и стилистика в чёрно-золотой палитре.', 3500.00, 110, '/Assets/Images/Кастом/Pr4.jpg', FALSE, '2026-04-03 14:00:00+03', '2026-04-15 14:00:00+03'),
    (6, 1, 'Косплей-пакет старт', 'Быстрая адаптация костюма под мероприятие с фиксацией мелких элементов.', 2800.00, 80, '/Assets/Images/Косплей/KL1.jpg', FALSE, '2026-04-01 14:00:00+03', '2026-04-11 14:00:00+03'),
    (7, 2, 'Праздничный подарочный сет', 'Персональный сет под событие с упаковкой, цветом и коллекционной карточкой.', 3900.00, 95, '/Assets/Images/Кастом/Pr12.jpg', TRUE, '2026-04-06 14:00:00+03', '2026-04-16 14:00:00+03'),
    (8, 5, 'Нуарный фотосет-образ', 'Подготовка стилизации для съёмки с акцентом на аксессуары и композицию.', 4700.00, 140, '/Assets/Images/Кастом/Pr6.jpg', FALSE, '2026-04-08 14:00:00+03', '2026-04-18 13:30:00+03');

INSERT INTO "ServiceAssignments" ("EmployeeId", "ServiceItemId", "AttachedAt") VALUES
    (2, 1, '2026-04-06 14:00:00+03'),
    (2, 2, '2026-04-07 14:00:00+03'),
    (2, 5, '2026-04-09 14:00:00+03'),
    (2, 7, '2026-04-11 14:00:00+03'),
    (3, 3, '2026-04-05 14:00:00+03'),
    (3, 4, '2026-04-05 14:00:00+03'),
    (3, 6, '2026-04-08 14:00:00+03'),
    (3, 8, '2026-04-10 14:00:00+03');

INSERT INTO "Bookings" ("Id", "CustomerId", "EmployeeId", "ServiceItemId", "ScheduledAt", "QueueNumber", "Status", "Notes", "CreatedAt") VALUES
    (1, 5, 2, 1, '2026-04-20 16:00:00+03', 1, 0, 'Нужна палитра в тёплых тонах.', '2026-04-17 14:00:00+03'),
    (2, 5, 3, 3, '2026-04-21 18:00:00+03', 1, 0, 'Образ на вечерний ивент.', '2026-04-18 02:00:00+03'),
    (3, 6, 3, 6, '2026-04-14 15:00:00+03', 2, 1, 'Нужна экспресс-подготовка.', '2026-04-12 14:00:00+03');

INSERT INTO "Reviews" ("Id", "CustomerId", "BookingId", "EmployeeId", "ServiceItemId", "Rating", "Comment", "CreatedAt") VALUES
    (1, 6, 3, 3, 6, 5, 'Быстро, аккуратно и очень удобно по времени.', '2026-04-15 14:00:00+03'),
    (2, 5, NULL, 2, 5, 4, 'Понравилась стилистика и подбор аксессуаров.', '2026-04-16 14:00:00+03');

INSERT INTO "TopUpTransactions" ("Id", "UserId", "Amount", "CardMask", "CreatedAt") VALUES
    (1, 5, 3000.00, '2200 **** **** 5678', '2026-04-13 14:00:00+03'),
    (2, 6, 1500.00, '2200 **** **** 7788', '2026-04-16 14:00:00+03');

INSERT INTO "QualificationRequests" ("Id", "EmployeeId", "DesiredLevel", "Comment", "Status", "CreatedAt") VALUES
    (1, 2, 4, 'Хочу расширить доступ к сложным праздничным пакетам.', 0, '2026-04-17 14:00:00+03');

SELECT setval(pg_get_serial_sequence('"CollectionThemes"', 'Id'), COALESCE(MAX("Id"), 1), true) FROM "CollectionThemes";
SELECT setval(pg_get_serial_sequence('"Users"', 'Id'), COALESCE(MAX("Id"), 1), true) FROM "Users";
SELECT setval(pg_get_serial_sequence('"Employees"', 'Id'), COALESCE(MAX("Id"), 1), true) FROM "Employees";
SELECT setval(pg_get_serial_sequence('"ServiceItems"', 'Id'), COALESCE(MAX("Id"), 1), true) FROM "ServiceItems";
SELECT setval(pg_get_serial_sequence('"Bookings"', 'Id'), COALESCE(MAX("Id"), 1), true) FROM "Bookings";
SELECT setval(pg_get_serial_sequence('"Reviews"', 'Id'), COALESCE(MAX("Id"), 1), true) FROM "Reviews";
SELECT setval(pg_get_serial_sequence('"TopUpTransactions"', 'Id'), COALESCE(MAX("Id"), 1), true) FROM "TopUpTransactions";
SELECT setval(pg_get_serial_sequence('"QualificationRequests"', 'Id'), COALESCE(MAX("Id"), 1), true) FROM "QualificationRequests";

COMMIT;
